ID,Gene title,Gene symbol,Gene ID,UniGene title,UniGene symbol,UniGene ID,Nucleotide Title,GI,GenBank Accession,Platform_CLONEID,Platform_ORF,Platform_SPOTID,Chromosome location,Chromosome annotation,GO:Function,GO:Process,GO:Component,GO:Function ID,GO:Process ID,GO:Component ID
229819_at,alpha-1-B glycoprotein,A1BG,1,,,,,,,,,,19q13.4,"Chromosome 19, NC_000019.10 (58346806..58353499, complement)",molecular_function,biological_process///platelet degranulation,blood microparticle///extracellular exosome///extracellular region///extracellular region///extracellular space///platelet alpha granule lumen,GO:0003674,GO:0008150///GO:0002576,GO:0072562///GO:0070062///GO:0005576///GO:0005576///GO:0005615///GO:0031093
1558450_at,alpha-2-macroglobulin,A2M,2,,,,"7k10b12.x1 NCI_CGAP_GC6 Homo sapiens cDNA clone IMAGE:3443687 3-, mRNA sequence",10810724.0,BF056828,,,,12p13.31,"Chromosome 12, NC_000012.12 (9067708..9115962, complement)",GTPase activator activity///calcium-dependent protein binding///enzyme binding///growth factor binding///interleukin-1 binding///interleukin-8 binding///protease binding///protein binding///receptor binding///serine-type endopeptidase inhibitor activity///tumor necrosis factor binding,"blood coagulation, intrinsic pathway///extracellular matrix disassembly///negative regulation of complement activation, lectin pathway///negative regulation of endopeptidase activity///platelet degranulation///positive regulation of GTPase activity///regulation of small GTPase mediated signal transduction///stem cell differentiation",blood microparticle///cytosol///extracellular exosome///extracellular region///extracellular region///platelet alpha granule lumen,GO:0005096///GO:0048306///GO:0019899///GO:0019838///GO:0019966///GO:0019959///GO:0002020///GO:0005515///GO:0005102///GO:0004867///GO:0043120,GO:0007597///GO:0022617///GO:0001869///GO:0010951///GO:0002576///GO:0043547///GO:0051056///GO:0048863,GO:0072562///GO:0005829///GO:0070062///GO:0005576///GO:0005576///GO:0031093
236394_at,alpha-2-macroglobulin pseudogene 1,A2MP1,3,,,,"602249894F1 NIH_MGC_81 Homo sapiens cDNA clone IMAGE:4328207 5-, mRNA sequence",12095127.0,BF790182,,,,12p13.31,"Chromosome 12, NC_000012.12 (9228533..9234207, complement)",,,,,,
214440_at,N-acetyltransferase 1,NAT1,9,,,,"Homo sapiens N-acetyltransferase 1 (NAT1), transcript variant 5, mRNA",634743283.0,NM_000662,,,,8p22,"Chromosome 8, NC_000008.11 (18170419..18223689)",arylamine N-acetyltransferase activity,xenobiotic metabolic process,cytosol,GO:0004060,GO:0006805,GO:0005829
206797_at,N-acetyltransferase 2,NAT2,10,,,,"Homo sapiens N-acetyltransferase 2 (NAT2), mRNA",116295259.0,NM_000015,,,,8p22,"Chromosome 8, NC_000008.11 (18386585..18401219)",arylamine N-acetyltransferase activity///protein binding,xenobiotic metabolic process,cytosol,GO:0004060///GO:0005515,GO:0006805,GO:0005829
202376_at,serpin family A member 3,SERPINA3,12,,,,"Homo sapiens serpin family A member 3 (SERPINA3), mRNA",73858562.0,NM_001085,,,,14q32.1,"Chromosome 14, NC_000014.9 (94612377..94624053)",DNA binding///protein binding///serine-type endopeptidase inhibitor activity,acute-phase response///inflammatory response///maintenance of gastrointestinal epithelium///negative regulation of endopeptidase activity///platelet degranulation///regulation of lipid metabolic process,blood microparticle///extracellular exosome///extracellular region///extracellular region///extracellular space///intracellular///nucleus///platelet alpha granule lumen,GO:0003677///GO:0005515///GO:0004867,GO:0006953///GO:0006954///GO:0030277///GO:0010951///GO:0002576///GO:0019216,GO:0072562///GO:0070062///GO:0005576///GO:0005576///GO:0005615///GO:0005622///GO:0005634///GO:0031093
205969_at,arylacetamide deacetylase,AADAC,13,,,,"Homo sapiens arylacetamide deacetylase (AADAC), mRNA",68299766.0,NM_001086,,,,3q25.1,"Chromosome 3, NC_000003.12 (151814008..151828488)",catalytic activity///deacetylase activity///deacetylase activity///lipase activity///serine hydrolase activity///triglyceride lipase activity///triglyceride lipase activity,positive regulation of triglyceride catabolic process///positive regulation of triglyceride catabolic process///xenobiotic metabolic process,endoplasmic reticulum membrane///endoplasmic reticulum membrane///integral component of membrane///organelle membrane,GO:0003824///GO:0019213///GO:0019213///GO:0016298///GO:0017171///GO:0004806///GO:0004806,GO:0010898///GO:0010898///GO:0006805,GO:0005789///GO:0005789///GO:0016021///GO:0031090
201511_at,angio associated migratory cell protein,AAMP,14,,,,"Homo sapiens angio associated migratory cell protein (AAMP), transcript variant 2, mRNA",700584727.0,NM_001087,,,,2q35,"Chromosome 2, NC_000002.12 (218264129..218270209, complement)",heparin binding///unfolded protein binding,angiogenesis///cell differentiation///positive regulation of endothelial cell migration///ribosomal large subunit biogenesis///smooth muscle cell migration,"cell surface///cytoplasm///intercellular bridge///microtubule cytoskeleton///plasma membrane///preribosome, large subunit precursor",GO:0008201///GO:0051082,GO:0001525///GO:0030154///GO:0010595///GO:0042273///GO:0014909,GO:0009986///GO:0005737///GO:0045171///GO:0015630///GO:0005886///GO:0030687
207225_at,aralkylamine N-acetyltransferase,AANAT,15,,,,"Homo sapiens aralkylamine N-acetyltransferase (AANAT), transcript variant 2, mRNA",262231742.0,NM_001088,,,,17q25.1,"Chromosome 17, NC_000017.11 (76453351..76470797)",14-3-3 protein binding///aralkylamine N-acetyltransferase activity///aralkylamine N-acetyltransferase activity///aralkylamine N-acetyltransferase activity///arylamine N-acetyltransferase activity///protein binding,N-terminal protein amino acid acetylation///cellular response to cAMP///circadian rhythm///circadian rhythm///indolalkylamine biosynthetic process///melatonin biosynthetic process///melatonin biosynthetic process///melatonin biosynthetic process///photoperiodism///response to calcium ion///response to copper ion///response to corticosterone///response to cytokine///response to insulin///response to prostaglandin E///response to zinc ion,cytosol///perinuclear region of cytoplasm,GO:0071889///GO:0004059///GO:0004059///GO:0004059///GO:0004060///GO:0005515,GO:0006474///GO:0071320///GO:0007623///GO:0007623///GO:0046219///GO:0030187///GO:0030187///GO:0030187///GO:0009648///GO:0051592///GO:0046688///GO:0051412///GO:0034097///GO:0032868///GO:0034695///GO:0010043,GO:0005829///GO:0048471
201000_at,alanyl-tRNA synthetase,AARS,16,,,,"Homo sapiens alanyl-tRNA synthetase (AARS), mRNA",109148541.0,NM_001605,,,,16q22,"Chromosome 16, NC_000016.10 (70252295..70289552, complement)",ATP binding///alanine-tRNA ligase activity///alanine-tRNA ligase activity///amino acid binding///aminoacyl-tRNA editing activity///tRNA binding///zinc ion binding,alanyl-tRNA aminoacylation///cerebellar Purkinje cell layer development///endoplasmic reticulum unfolded protein response///hair follicle development///negative regulation of neuron apoptotic process///neuromuscular process controlling balance///protein folding///regulation of translational fidelity///response to amino acid///tRNA aminoacylation for protein translation///tRNA modification///tRNA processing,cytoplasm///cytosol///cytosol///extracellular exosome///membrane///NOT mitochondrion,GO:0005524///GO:0004813///GO:0004813///GO:0016597///GO:0002161///GO:0000049///GO:0008270,GO:0006419///GO:0021680///GO:0030968///GO:0001942///GO:0043524///GO:0050885///GO:0006457///GO:0006450///GO:0043200///GO:0006418///GO:0006400///GO:0008033,GO:0005737///GO:0005829///GO:0005829///GO:0070062///GO:0016020///NOT GO:0005739
206527_at,4-aminobutyrate aminotransferase,ABAT,18,,,,"Homo sapiens 4-aminobutyrate aminotransferase (ABAT), transcript variant 2, mRNA",188536078.0,NM_000663,,,,16p13.2,"Chromosome 16, NC_000016.10 (8674587..8784575)",(S)-3-amino-2-methylpropionate transaminase activity///contributes_to 4-aminobutyrate transaminase activity///4-aminobutyrate transaminase activity///iron-sulfur cluster binding///metal ion binding///protein homodimerization activity///pyridoxal phosphate binding///succinate-semialdehyde dehydrogenase binding,aging///behavioral response to cocaine///cerebellum development///copulation///exploration behavior///gamma-aminobutyric acid biosynthetic process///gamma-aminobutyric acid catabolic process///gamma-aminobutyric acid catabolic process///locomotory behavior///negative regulation of blood pressure///negative regulation of dopamine secretion///negative regulation of gamma-aminobutyric acid secretion///negative regulation of platelet aggregation///neurotransmitter catabolic process///positive regulation of aspartate secretion///positive regulation of dopamine metabolic process///positive regulation of heat generation///positive regulation of inhibitory postsynaptic potential///positive regulation of insulin secretion///positive regulation of prolactin secretion///positive regulation of uterine smooth muscle contraction///response to drug///response to ethanol///response to hypoxia///response to iron ion///response to nicotine,4-aminobutyrate transaminase complex///extracellular exosome///mitochondrial matrix///mitochondrion///mitochondrion///mitochondrion///neuron projection,GO:0047298///contributes_to GO:0003867///GO:0003867///GO:0051536///GO:0046872///GO:0042803///GO:0030170///GO:0032145,GO:0007568///GO:0048148///GO:0021549///GO:0007620///GO:0035640///GO:0009449///GO:0009450///GO:0009450///GO:0007626///GO:0045776///GO:0033602///GO:0014053///GO:0090331///GO:0042135///GO:1904450///GO:0045964///GO:0031652///GO:0097151///GO:0032024///GO:1902722///GO:0070474///GO:0042493///GO:0045471///GO:0001666///GO:0010039///GO:0035094,GO:0032144///GO:0070062///GO:0005759///GO:0005739///GO:0005739///GO:0005739///GO:0043005
1570279_at,ATP binding cassette subfamily A member 1,ABCA1,19,,,,"Homo sapiens ATP-binding cassette, sub-family A (ABC1), member 1, mRNA (cDNA clone IMAGE:4749735), with apparent retained intron",21961568.0,BC034824,,,,9q31.1,"Chromosome 9, NC_000009.12 (104781002..104928246, complement)","ATP binding///ATPase activity, coupled to transmembrane movement of substances///ATPase binding///anion transmembrane transporter activity///apolipoprotein A-I binding///apolipoprotein A-I receptor activity///apolipoprotein binding///cholesterol binding///cholesterol transporter activity///phospholipid binding///phospholipid transporter activity///protein binding///receptor binding///small GTPase binding///syntaxin binding","G-protein coupled receptor signaling pathway///anion transmembrane transport///apolipoprotein A-I-mediated signaling pathway///cellular response to cholesterol///cellular response to lipopolysaccharide///cellular response to retinoic acid///cholesterol efflux///cholesterol efflux///cholesterol homeostasis///cholesterol metabolic process///endosomal transport///high-density lipoprotein particle assembly///interleukin-1 beta secretion///intracellular cholesterol transport///lipoprotein metabolic process///lysosome organization///negative regulation of cholesterol storage///negative regulation of macrophage derived foam cell differentiation///peptide secretion///phagocytosis, engulfment///phospholipid efflux///phospholipid efflux///phospholipid homeostasis///phospholipid translocation///platelet dense granule organization///positive regulation of cAMP biosynthetic process///positive regulation of cholesterol efflux///protein lipidation///regulation of Cdc42 protein signal transduction///response to drug///response to laminar fluid shear stress///response to low-density lipoprotein particle///response to nutrient///reverse cholesterol transport",Golgi apparatus///endocytic vesicle///endoplasmic reticulum membrane///external side of plasma membrane///high-density lipoprotein particle///integral component of plasma membrane///membrane raft///perinuclear region of cytoplasm///phagocytic vesicle///plasma membrane///plasma membrane,GO:0005524///GO:0042626///GO:0051117///GO:0008509///GO:0034186///GO:0034188///GO:0034185///GO:0015485///GO:0017127///GO:0005543///GO:0005548///GO:0005515///GO:0005102///GO:0031267///GO:0019905,GO:0007186///GO:0098656///GO:0038027///GO:0071397///GO:0071222///GO:0071300///GO:0033344///GO:0033344///GO:0042632///GO:0008203///GO:0016197///GO:0034380///GO:0050702///GO:0032367///GO:0042157///GO:0007040///GO:0010887///GO:0010745///GO:0002790///GO:0006911///GO:0033700///GO:0033700///GO:0055091///GO:0045332///GO:0060155///GO:0030819///GO:0010875///GO:0006497///GO:0032489///GO:0042493///GO:0034616///GO:0055098///GO:0007584///GO:0043691,GO:0005794///GO:0030139///GO:0005789///GO:0009897///GO:0034364///GO:0005887///GO:0045121///GO:0048471///GO:0045335///GO:0005886///GO:0005886
210099_at,ATP binding cassette subfamily A member 2,ABCA2,20,,,,"Homo sapiens ABC transporter ABCA2 (ABCA2) mRNA, complete cds",13173185.0,AF327657,,,,9q34,"Chromosome 9, NC_000009.12 (137007234..137028922, complement)","ATP binding///ATP binding///ATPase activity///ATPase activity, coupled to transmembrane movement of substances///ATPase activity, coupled to transmembrane movement of substances///nucleotide binding",cholesterol efflux///cholesterol homeostasis///lipid metabolic process///phospholipid efflux///regulation of intracellular cholesterol transport///regulation of transcription from RNA polymerase II promoter///response to drug///response to steroid hormone///transmembrane transport///transport,"ATP-binding cassette (ABC) transporter complex///cytoplasmic, membrane-bounded vesicle///endosome///endosome membrane///integral component of membrane///integral component of membrane///lysosomal membrane///lysosome///membrane///microtubule organizing center",GO:0005524///GO:0005524///GO:0016887///GO:0042626///GO:0042626///GO:0000166,GO:0033344///GO:0042632///GO:0006629///GO:0033700///GO:0032383///GO:0006357///GO:0042493///GO:0048545///GO:0055085///GO:0006810,GO:0043190///GO:0016023///GO:0005768///GO:0010008///GO:0016021///GO:0016021///GO:0005765///GO:0005764///GO:0016020///GO:0005815
204343_at,ATP binding cassette subfamily A member 3,ABCA3,21,,,,"Homo sapiens ATP binding cassette subfamily A member 3 (ABCA3), mRNA",116734709.0,NM_001089,,,,16p13.3,"Chromosome 16, NC_000016.10 (2275878..2340746, complement)","ATP binding///ATPase activity, coupled to transmembrane movement of substances///lipid transporter activity///transporter activity",cellular protein metabolic process///lipid transport///response to drug///response to glucocorticoid///transmembrane transport///transport,alveolar lamellar body///alveolar lamellar body membrane///extracellular space///integral component of membrane///lamellar body membrane///membrane///plasma membrane,GO:0005524///GO:0042626///GO:0005319///GO:0005215,GO:0044267///GO:0006869///GO:0042493///GO:0051384///GO:0055085///GO:0006810,GO:0097208///GO:0097233///GO:0005615///GO:0016021///GO:0097232///GO:0016020///GO:0005886
209620_s_at,ATP binding cassette subfamily B member 7,ABCB7,22,,,,"Homo sapiens mRNA for ABC transporter 7 protein, complete cds",3228278.0,AB005289,,,,Xq13.3,"Chromosome X, NC_000023.11 (75053172..75156340, complement)","ATP binding///ATPase activity, coupled to transmembrane movement of substances///heme transporter activity",cellular iron ion homeostasis///heme transport///transmembrane transport///transport,integral component of membrane///mitochondrial inner membrane///mitochondrial inner membrane///mitochondrion,GO:0005524///GO:0042626///GO:0015232,GO:0006879///GO:0015886///GO:0055085///GO:0006810,GO:0016021///GO:0005743///GO:0005743///GO:0005739
200045_at,ATP binding cassette subfamily F member 1,ABCF1,23,,,,"Homo sapiens ATP binding cassette subfamily F member 1 (ABCF1), transcript variant 2, mRNA",69354731.0,NM_001090,,,,6p21.33,"Chromosome 6, NC_000006.12 (30571393..30591532)","ATP binding///ATPase activity///poly(A) RNA binding///protein binding///translation factor activity, RNA binding",inflammatory response///translation///transmembrane transport,cytoplasm///cytosol///membrane///nuclear envelope///nucleoplasm///ribosome,GO:0005524///GO:0016887///GO:0044822///GO:0005515///GO:0008135,GO:0006954///GO:0006412///GO:0055085,GO:0005737///GO:0005829///GO:0016020///GO:0005635///GO:0005654///GO:0005840
1569102_at,ATP binding cassette subfamily A member 4,ABCA4,24,,,,Homo sapiens clone EST394388 mRNA sequence,1906576.0,U66691,,,,1p22,"Chromosome 1, NC_000001.11 (93992837..94121149, complement)","ATP binding///ATPase activity, coupled to transmembrane movement of substances///eye pigment precursor transporter activity///phospholipid-translocating ATPase activity///transporter activity","lipid transport///phospholipid transfer to membrane///phospholipid translocation///photoreceptor cell maintenance///phototransduction, visible light///retinoid metabolic process///transmembrane transport///transport///visual perception",integral component of plasma membrane///intracellular membrane-bounded organelle///membrane///photoreceptor disc membrane,GO:0005524///GO:0042626///GO:0005395///GO:0004012///GO:0005215,GO:0006869///GO:0006649///GO:0045332///GO:0045494///GO:0007603///GO:0001523///GO:0055085///GO:0006810///GO:0007601,GO:0005887///GO:0043231///GO:0016020///GO:0097381
202123_s_at,"ABL proto-oncogene 1, non-receptor tyrosine kinase",ABL1,25,,,,"Homo sapiens ABL proto-oncogene 1, non-receptor tyrosine kinase (ABL1), transcript variant a, mRNA",671696012.0,NM_005157,,,,9q34.1,"Chromosome 9, NC_000009.12 (130713881..130887675)",ATP binding///DNA binding///SH3 domain binding///actin filament binding///actin monomer binding///magnesium ion binding///manganese ion binding///mitogen-activated protein kinase binding///nicotinate-nucleotide adenylyltransferase activity///non-membrane spanning protein tyrosine kinase activity///proline-rich region binding///proline-rich region binding///protein C-terminus binding///protein binding///protein kinase C binding///protein kinase activity///protein tyrosine kinase activity///protein tyrosine kinase activity///protein tyrosine kinase activity///protein tyrosine kinase activity///NOT receptor binding///syntaxin binding,"B cell proliferation involved in immune response///B cell receptor signaling pathway///B-1 B cell homeostasis///Bergmann glial cell differentiation///DNA damage induced protein phosphorylation///Fc-gamma receptor signaling pathway involved in phagocytosis///actin cytoskeleton organization///actin filament branching///activated T cell proliferation///activation of protein kinase C activity///alpha-beta T cell differentiation///autophagy///cell cycle arrest///cellular protein modification process///cellular response to DNA damage stimulus///cellular response to dopamine///cellular response to hydrogen peroxide///cellular response to lipopolysaccharide///cellular response to oxidative stress///cerebellum morphogenesis///collateral sprouting///epidermal growth factor receptor signaling pathway///establishment of protein localization///innate immune response///intrinsic apoptotic signaling pathway in response to DNA damage///microspike assembly///mismatch repair///mitochondrial depolarization///mitotic nuclear division///negative regulation of BMP signaling pathway///negative regulation of ERK1 and ERK2 cascade///negative regulation of I-kappaB kinase/NF-kappaB signaling///negative regulation of cell-cell adhesion///negative regulation of cellular senescence///negative regulation of endothelial cell apoptotic process///negative regulation of mitotic cell cycle///negative regulation of phospholipase C activity///negative regulation of protein serine/threonine kinase activity///negative regulation of ubiquitin-protein transferase activity///negative regulation of ubiquitin-protein transferase activity///neuromuscular process controlling balance///peptidyl-tyrosine autophosphorylation///peptidyl-tyrosine autophosphorylation///peptidyl-tyrosine phosphorylation///peptidyl-tyrosine phosphorylation///peptidyl-tyrosine phosphorylation///platelet-derived growth factor receptor-beta signaling pathway///positive regulation of ERK1 and ERK2 cascade///positive regulation of I-kappaB kinase/NF-kappaB signaling///positive regulation of Wnt signaling pathway, planar cell polarity pathway///positive regulation of actin filament binding///positive regulation of apoptotic process///positive regulation of cytosolic calcium ion concentration///positive regulation of interferon-gamma secretion///positive regulation of interleukin-2 secretion///positive regulation of microtubule binding///positive regulation of mitotic cell cycle///positive regulation of muscle cell differentiation///positive regulation of neuron death///positive regulation of osteoblast proliferation///positive regulation of oxidoreductase activity///positive regulation of peptidyl-tyrosine phosphorylation///positive regulation of protein phosphorylation///positive regulation of release of sequestered calcium ion into cytosol///protein autophosphorylation///regulation of actin cytoskeleton organization///regulation of actin cytoskeleton reorganization///regulation of autophagy///regulation of axon extension///regulation of cell adhesion///regulation of cell motility///regulation of cell proliferation///regulation of endocytosis///regulation of extracellular matrix organization///regulation of microtubule polymerization///regulation of response to DNA damage stimulus///regulation of transcription, DNA-templated///response to oxidative stress///signal transduction in response to DNA damage///spleen development///substrate adhesion-dependent cell spreading///thymus development///transitional one stage B cell differentiation",actin cytoskeleton///cell leading edge///cytoplasm///cytosol///cytosol///extrinsic component of cytoplasmic side of plasma membrane///mitochondrion///nuclear membrane///nucleolus///nucleoplasm///nucleoplasm///nucleus///nucleus///nucleus///perinuclear region of cytoplasm,GO:0005524///GO:0003677///GO:0017124///GO:0051015///GO:0003785///GO:0000287///GO:0030145///GO:0051019///GO:0004515///GO:0004715///GO:0070064///GO:0070064///GO:0008022///GO:0005515///GO:0005080///GO:0004672///GO:0004713///GO:0004713///GO:0004713///GO:0004713///NOT GO:0005102///GO:0019905,GO:0002322///GO:0050853///GO:0001922///GO:0060020///GO:0006975///GO:0038096///GO:0030036///GO:0090135///GO:0050798///GO:1990051///GO:0046632///GO:0006914///GO:0007050///GO:0006464///GO:0006974///GO:1903351///GO:0070301///GO:0071222///GO:0034599///GO:0021587///GO:0048668///GO:0007173///GO:0045184///GO:0045087///GO:0008630///GO:0030035///GO:0006298///GO:0051882///GO:0007067///GO:0030514///GO:0070373///GO:0043124///GO:0022408///GO:2000773///GO:2000352///GO:0045930///GO:1900275///GO:0071901///GO:0051444///GO:0051444///GO:0050885///GO:0038083///GO:0038083///GO:0018108///GO:0018108///GO:0018108///GO:0035791///GO:0070374///GO:0043123///GO:2000096///GO:1904531///GO:0043065///GO:0007204///GO:1902715///GO:1900042///GO:1904528///GO:0045931///GO:0051149///GO:1901216///GO:0033690///GO:0051353///GO:0050731///GO:0001934///GO:0051281///GO:0046777///GO:0032956///GO:2000249///GO:0010506///GO:0030516///GO:0030155///GO:2000145///GO:0042127///GO:0030100///GO:1903053///GO:0031113///GO:2001020///GO:0006355///GO:0006979///GO:0042770///GO:0048536///GO:0034446///GO:0048538///GO:0002333,GO:0015629///GO:0031252///GO:0005737///GO:0005829///GO:0005829///GO:0031234///GO:0005739///GO:0031965///GO:0005730///GO:0005654///GO:0005654///GO:0005634///GO:0005634///GO:0005634///GO:0048471
203559_s_at,"amine oxidase, copper containing 1",AOC1,26,,,,"Homo sapiens amine oxidase, copper containing 1 (AOC1), transcript variant 2, mRNA",440918689.0,NM_001091,,,,7q36.1,"Chromosome 7, NC_000007.14 (150824875..150861291)","calcium ion binding///copper ion binding///diamine oxidase activity///drug binding///heparin binding///histamine oxidase activity///methylputrescine oxidase activity///primary amine oxidase activity///propane-1,3-diamine oxidase activity///protein complex binding///protein homodimerization activity///quinone binding///receptor activity///zinc ion binding",amine metabolic process///cellular response to azide///cellular response to copper ion///cellular response to copper ion starvation///cellular response to heparin///cellular response to histamine///oxidation-reduction process///response to antibiotic///response to drug///xenobiotic metabolic process,bicellular tight junction///extracellular exosome///extracellular space///peroxisome///plasma membrane///plasma membrane,GO:0005509///GO:0005507///GO:0052597///GO:0008144///GO:0008201///GO:0052598///GO:0052599///GO:0008131///GO:0052600///GO:0032403///GO:0042803///GO:0048038///GO:0004872///GO:0008270,GO:0009308///GO:0097185///GO:0071280///GO:0035874///GO:0071504///GO:0071420///GO:0055114///GO:0046677///GO:0042493///GO:0006805,GO:0005923///GO:0070062///GO:0005615///GO:0005777///GO:0005886///GO:0005886
206411_s_at,"ABL proto-oncogene 2, non-receptor tyrosine kinase",ABL2,27,,,,"Homo sapiens ABL proto-oncogene 2, non-receptor tyrosine kinase (ABL2), transcript variant b, mRNA",209862798.0,NM_007314,,,,1q25.2,"Chromosome 1, NC_000001.11 (179099327..179229693, complement)",ATP binding///actin filament binding///actin monomer binding///magnesium ion binding///manganese ion binding///non-membrane spanning protein tyrosine kinase activity///protein binding///protein kinase activity///protein tyrosine kinase activity///protein tyrosine kinase activity///NOT receptor binding,actin cytoskeleton organization///cell adhesion///cell migration///cellular protein modification process///cellular response to retinoic acid///innate immune response///peptidyl-tyrosine autophosphorylation///peptidyl-tyrosine phosphorylation///positive regulation of cytosolic calcium ion concentration///positive regulation of neuron projection development///positive regulation of oxidoreductase activity///positive regulation of phospholipase C activity///regulation of actin cytoskeleton reorganization///regulation of autophagy///regulation of cell adhesion///regulation of cell motility///regulation of cell proliferation///regulation of endocytosis///signal transduction///transmembrane receptor protein tyrosine kinase signaling pathway,actin cytoskeleton///cytosol///extrinsic component of cytoplasmic side of plasma membrane,GO:0005524///GO:0051015///GO:0003785///GO:0000287///GO:0030145///GO:0004715///GO:0005515///GO:0004672///GO:0004713///GO:0004713///NOT GO:0005102,GO:0030036///GO:0007155///GO:0016477///GO:0006464///GO:0071300///GO:0045087///GO:0038083///GO:0018108///GO:0007204///GO:0010976///GO:0051353///GO:0010863///GO:2000249///GO:0010506///GO:0030155///GO:2000145///GO:0042127///GO:0030100///GO:0007165///GO:0007169,GO:0015629///GO:0005829///GO:0031234
214504_at,"ABO blood group (transferase A, alpha 1-3-N-acetylgalactosaminyltransferase; transferase B, alpha 1-3-galactosyltransferase)",ABO,28,,,,"Homo sapiens ABO blood group (transferase A, alpha 1-3-N-acetylgalactosaminyltransferase; transferase B, alpha 1-3-galactosyltransferase) (ABO), mRNA",58331215.0,NM_020469,,,,9q34.2,"Chromosome 9, NC_000009.12 (133255176..133275214, complement)",fucosylgalactoside 3-alpha-galactosyltransferase activity///glycoprotein-fucosylgalactoside alpha-N-acetylgalactosaminyltransferase activity///metal ion binding,protein glycosylation,Golgi cisterna membrane///extracellular region///integral component of membrane,GO:0004381///GO:0004380///GO:0046872,GO:0006486,GO:0032580///GO:0005576///GO:0016021
1564121_at,active BCR-related,ABR,29,,,,"Homo sapiens cDNA: FLJ23135 fis, clone LNG08666",10439723.0,AK026788,,,,17p13.3,"Chromosome 17, NC_000017.11 (1003518..1229713, complement)",GTPase activator activity///Rho guanyl-nucleotide exchange factor activity///guanyl-nucleotide exchange factor activity,actin cytoskeleton organization///brain development///inner ear morphogenesis///negative regulation of blood vessel remodeling///negative regulation of cellular extravasation///negative regulation of inflammatory response///negative regulation of neutrophil degranulation///neuromuscular process controlling balance///positive regulation of GTPase activity///positive regulation of apoptotic process///positive regulation of phagocytosis///regulation of Rho protein signal transduction///regulation of small GTPase mediated signal transduction///regulation of vascular permeability///response to lipopolysaccharide///small GTPase mediated signal transduction,cytosol///membrane///membrane///plasma membrane,GO:0005096///GO:0005089///GO:0005085,GO:0030036///GO:0007420///GO:0042472///GO:0060313///GO:0002692///GO:0050728///GO:0043314///GO:0050885///GO:0043547///GO:0043065///GO:0050766///GO:0035023///GO:0051056///GO:0043114///GO:0032496///GO:0007264,GO:0005829///GO:0016020///GO:0016020///GO:0005886
202025_x_at,acetyl-CoA acyltransferase 1,ACAA1,30,,,,"Homo sapiens acetyl-CoA acyltransferase 1 (ACAA1), transcript variant 1, mRNA",194353977.0,NM_001607,,,,3p22.2,"Chromosome 3, NC_000003.12 (38122710..38137242, complement)",acetate CoA-transferase activity///acetyl-CoA C-acyltransferase activity///palmitoyl-CoA oxidase activity///protein binding,alpha-linolenic acid metabolic process///bile acid metabolic process///fatty acid beta-oxidation///fatty acid beta-oxidation using acyl-CoA oxidase///very long-chain fatty acid metabolic process,intracellular membrane-bounded organelle///membrane///peroxisomal matrix///peroxisome,GO:0008775///GO:0003988///GO:0016401///GO:0005515,GO:0036109///GO:0008206///GO:0006635///GO:0033540///GO:0000038,GO:0043231///GO:0016020///GO:0005782///GO:0005777
212186_at,acetyl-CoA carboxylase alpha,ACACA,31,,,,"7f85g11.x1 NCI_CGAP_Pr28 Homo sapiens cDNA clone IMAGE:3303812 3-, mRNA sequence",10368561.0,BE855983,,,,17q21,"Chromosome 17, NC_000017.11 (37084992..37406822, complement)",ATP binding///acetyl-CoA carboxylase activity///acetyl-CoA carboxylase activity///biotin carboxylase activity///metal ion binding///protein binding,acetyl-CoA metabolic process///biotin metabolic process///carnitine shuttle///cellular response to prostaglandin E stimulus///fatty acid biosynthetic process///lipid homeostasis///long-chain fatty-acyl-CoA biosynthetic process///malonyl-CoA biosynthetic process///multicellular organismal protein metabolic process///positive regulation of cellular metabolic process///protein homotetramerization///tissue homeostasis,actin cytoskeleton///cytoplasm///cytosol///cytosol///extracellular exosome///mitochondrion///nucleolus,GO:0005524///GO:0003989///GO:0003989///GO:0004075///GO:0046872///GO:0005515,GO:0006084///GO:0006768///GO:0006853///GO:0071380///GO:0006633///GO:0055088///GO:0035338///GO:2001295///GO:0044268///GO:0031325///GO:0051289///GO:0001894,GO:0015629///GO:0005737///GO:0005829///GO:0005829///GO:0070062///GO:0005739///GO:0005730
1552615_at,acetyl-CoA carboxylase beta,ACACB,32,,,,"Homo sapiens acetyl-CoA carboxylase beta (ACACB), mRNA",134142061.0,NM_001093,,,,12q24.11,"Chromosome 12, NC_000012.12 (109112666..109268226)",ATP binding///acetyl-CoA carboxylase activity///biotin carboxylase activity///metal ion binding///protein binding,acetyl-CoA metabolic process///biotin metabolic process///carnitine shuttle///energy homeostasis///fatty acid biosynthetic process///malonyl-CoA biosynthetic process///negative regulation of catalytic activity///negative regulation of fatty acid beta-oxidation///negative regulation of gene expression///positive regulation of cellular metabolic process///positive regulation of heart growth///positive regulation of lipid storage///protein homotetramerization///regulation of glucose metabolic process///response to nutrient levels,cytosol///endomembrane system///mitochondrial outer membrane///mitochondrion///nucleus,GO:0005524///GO:0003989///GO:0004075///GO:0046872///GO:0005515,GO:0006084///GO:0006768///GO:0006853///GO:0097009///GO:0006633///GO:2001295///GO:0043086///GO:0031999///GO:0010629///GO:0031325///GO:0060421///GO:0010884///GO:0051289///GO:0010906///GO:0031667,GO:0005829///GO:0012505///GO:0005741///GO:0005739///GO:0005634
